{
	"format_version": "1.8.0",
	"animations": {
		"biped.animation.heavy_attack": {
			"animation_length": 2,
			"bones": {
				"head": {
					"rotation": {
						"0.0": [0, 0, 0],
						"0.5": [5, 0, 0],
						"1.0": [35, 0, 0],
						"2.0": [0, 0, 0]
					},
					"position": {
						"0.0": [0, 0, 0],
						"0.5": [0, 0, 1],
						"1.0": [0, 0, -3],
						"2.0": [0, 0, 0]
					}
				},
				"torso": {
					"rotation": {
						"0.0": [0, 0, 0],
						"0.5": [-2.5, 0, 0],
						"1.0": [13.75, 0, 0],
						"1.5": [15, 0, 0],
						"2.0": [0, 0, 0]
					},
					"position": {
						"0.0": [0, 0, 0],
						"0.5": [0, 0, 0],
						"1.0": [0, 0, -0.5],
						"1.5": [0, 0, 1],
						"2.0": [0, 0, 0]
					}
				},
				"left_leg": {
					"rotation": {
						"0.0": [0, 0, 0],
						"0.25": [5, 0, 0],
						"1.0": [10, 0, 0],
						"2.0": [0, 0, 0]
					},
					"position": {
						"0.0": [0, 0, 0],
						"0.25": [0, 0, -0.5],
						"1.0": [0, 0, 0],
						"1.5": [0, 0, 0],
						"2.0": [0, 0, 0]
					}
				},
				"left_arm": {
					"rotation": {
						"0.0": [0, 0, 0],
						"0.25": [-52.84154, 18.26883, 13.36473],
						"0.75": [-138.61091, 18.14243, -9.0778],
						"1.0": [-35.0155, 11.42795, 19.66621],
						"2.0": [0, 0, 0]
					},
					"position": {
						"0.0": [0, 0, 0],
						"1.0": [0, 0, -4],
						"2.0": [0, 0, 0]
					}
				},
				"right_leg": {
					"rotation": {
						"0.0": [0, 0, 0],
						"0.25": [-7.5, 0, 0],
						"1.0": [-17.5, 0, 0],
						"2.0": [0, 0, 0]
					},
					"position": {
						"0.0": [0, 0, 0],
						"1.0": [0, 0, -1],
						"1.5": [0, 0, 1],
						"2.0": [0, 0, 0]
					}
				},
				"right_arm": {
					"rotation": {
						"0.0": [0, 0, 0],
						"0.25": [-55.41141, -18.82943, -12.54707],
						"0.75": [-138.19576, -24.46297, 4.53998],
						"1.0": [-45.69576, -24.46297, 4.53998],
						"2.0": [0, 0, 0]
					},
					"position": {
						"0.0": [0, 0, 0],
						"1.0": [0, 0, -4],
						"2.0": [0, 0, 0]
					}
				}
			}
		},
		"biped.animation.charge_attack_0": {
			"animation_length": 1,
			"bones": {
				"head": {
					"rotation": {
						"0.0": [0, 0, 0],
						"0.5": [22.5, 0, 0],
						"0.75": [35, 0, 0],
						"1.0": [0, 0, 0]
					},
					"position": {
						"0.0": [0, 0, 0],
						"0.5": [0, 0, -2],
						"1.0": [0, 0, 0]
					}
				},
				"torso": {
					"rotation": {
						"0.0": [0, 0, 0],
						"0.25": [-5.019, -4.98093, 0.43688],
						"0.5": [17.51565, 2.38422, 0.7522],
						"0.75": [25, 0, 0],
						"1.0": [0, 0, 0]
					},
					"position": {
						"0.0": [0, 0, 0],
						"0.25": [0, 0, 1],
						"0.5": [0, 0, -0.33],
						"1.0": [0, 0, 0]
					}
				},
				"left_leg": {
					"rotation": {
						"0.0": [0, 0, 0],
						"0.25": [7.5, 0, 0],
						"0.5": [-10, 0, 0],
						"0.75": [-7.5, 0, 0],
						"1.0": [0, 0, 0]
					},
					"position": {
						"0.0": [0, 0, 0],
						"0.25": [0, 0, 1],
						"0.75": [0, 0, 2],
						"1.0": [0, 0, 0]
					}
				},
				"left_arm": {
					"rotation": {
						"0.0": [0, 0, 0],
						"0.25": [-247.33847, 7.11475, 6.25905],
						"0.5": [-51.79728, 14.95969, 15.34777],
						"0.75": [-44.69255, 22.23005, 2.69504],
						"1.0": [0, 0, 0]
					},
					"position": {
						"0.0": [0, 0, 0],
						"1.0": [0, 0, 0]
					}
				},
				"right_leg": {
					"rotation": {
						"0.0": [0, 0, 0],
						"0.25": [-5, 0, 0],
						"0.5": [22.5, 0, 0],
						"0.75": [12.5, 0, 0],
						"1.0": [0, 0, 0]
					},
					"position": {
						"0.0": [0, 0, 0],
						"0.25": [0, 0, 1],
						"0.75": [0, 0, 2],
						"1.0": [0, 0, 0]
					}
				},
				"right_arm": {
					"rotation": {
						"0.0": [0, 0, 0],
						"0.25": [-80.87646, 7.5515, -12.66001],
						"0.5": [55, 0, 0],
						"0.75": [97.5, -18.82943, -12.54707],
						"1.0": [0, 0, 0]
					},
					"position": {
						"0.0": [0, 0, 0],
						"1.0": [0, 0, 0]
					}
				},
				"Biped": {
					"rotation": {
						"0.0": [0, 0, 0],
						"0.5": [0, 0, 0]
					}
				}
			}
		},
		"biped.animation.charge_attack": {
			"animation_length": 1,
			"bones": {
				"head": {
					"rotation": {
						"0.0": [0, 0, 0],
						"0.5": [22.5, 0, 0],
						"0.75": [40, 0, 0],
						"1.0": [0, 0, 0]
					},
					"position": {
						"0.0": [0, 0, 0],
						"1.0": [0, 0, 0]
					}
				},
				"torso": {
					"rotation": {
						"0.0": [0, 0, 0],
						"0.25": [-5.019, -4.98093, 0.43688],
						"0.5": [17.51565, 2.38422, 0.7522],
						"0.75": [25, 0, 0],
						"1.0": [0, 0, 0]
					},
					"position": {
						"0.0": [0, 0, 0],
						"0.25": [0, 0, 1],
						"1.0": [0, 0, 0]
					}
				},
				"left_leg": {
					"rotation": {
						"0.0": [0, 0, 0],
						"0.25": [-5, 0, 0],
						"0.5": [2.5, 0, 0],
						"0.75": [40, 0, 0],
						"1.0": [0, 0, 0]
					},
					"position": {
						"0.0": [0, 0, 0],
						"0.25": [0, 0, 0],
						"0.5": [0, 0, 3],
						"0.75": [0, 0, 2],
						"1.0": [0, 0, 0]
					}
				},
				"left_arm": {
					"rotation": {
						"0.0": [0, 0, 0],
						"0.25": [-87.5, 2.49762, 4.33287],
						"0.5": [24.81197, -3.1622, 6.80423],
						"0.75": [74.49591, 14.47751, -3.96713],
						"1.0": [0, 0, 0]
					},
					"position": {
						"0.0": [0, 0, 0],
						"1.0": [0, 0, 0]
					}
				},
				"right_leg": {
					"rotation": {
						"0.0": [0, 0, 0],
						"0.25": [7.5, 0, 0],
						"0.5": [0, 0, 0],
						"0.75": [-2.5, 0, 0],
						"1.0": [0, 0, 0]
					},
					"position": {
						"0.0": [0, 0, 0],
						"0.25": [0, 0, 0],
						"0.5": [0, 0, 2],
						"0.75": [0, 0, 2],
						"1.0": [0, 0, 0]
					}
				},
				"right_arm": {
					"rotation": {
						"0.0": [0, 0, 0],
						"0.25": [-266.10524, 1.77004, -16.95397],
						"0.5": [-56.59341, -12.60837, -8.19252],
						"0.75": [-32.91141, -18.82943, -12.54707],
						"1.0": [0, 0, 0]
					},
					"position": {
						"0.0": [0, 0, 0],
						"1.0": [0, 0, 0]
					}
				}
			}
		},
		"biped.animation.block": {
			"animation_length": 0.75,
			"bones": {
				"head": {
					"rotation": {
						"0.0": [0, 0, 0],
						"0.25": [-2.5, 0, 0],
						"0.5": [-11.25, 0, 0],
						"0.75": [0, 0, 0]
					},
					"position": {
						"0.0": [0, 0, -1],
						"0.25": [0, 0, 1],
						"0.5": [0, 0, 2.5],
						"0.75": [0, 0, 0]
					}
				},
				"torso": {
					"rotation": {
						"0.0": [2.5, 0, 0],
						"0.25": [-5, 0, 0],
						"0.5": [-8.75, 0, 0],
						"0.75": [2.5, 0, 0]
					},
					"position": {
						"0.0": [0, 0, -1],
						"0.25": [0, 0, 0.33],
						"0.5": [0, 0, 1.16],
						"0.75": [0, 0, 0]
					}
				},
				"left_leg": {
					"rotation": {
						"0.0": [7.5, 0, 0],
						"0.5": [12.5, 0, 0],
						"0.75": [7.5, 0, 0]
					},
					"position": {
						"0.0": [0, 0, 0],
						"0.75": [0, 0, 0]
					}
				},
				"left_arm": {
					"rotation": {
						"0.0": [17.5, 0, 0],
						"0.25": [20.28356, 9.39129, 3.45118],
						"0.5": [30.28356, 9.39129, 3.45118],
						"0.75": [20, 0, 0]
					},
					"position": {
						"0.0": [0, 0, 0],
						"0.25": [0, 0, 1],
						"0.5": [0, 0, 2.5],
						"0.75": [0, 0, 0]
					}
				},
				"right_leg": {
					"rotation": {
						"0.0": [-7.5, 0, 0],
						"0.25": [-7.5, 0, 0],
						"0.5": [-10, 0, 0],
						"0.75": [-5, 0, 0]
					},
					"position": {
						"0.0": [0, 0, -1],
						"0.75": [0, 0, 0]
					}
				},
				"right_arm": {
					"rotation": {
						"0.0": [-39.36943, -1.91374, -15.49142],
						"0.25": [-69.23059, 23.84066, 15.41512],
						"0.5": [-143.54472, 70.8506, -30.43008],
						"0.75": [-26.63272, -5.07855, -19.37006]
					},
					"position": {
						"0.0": [0, -1, -2],
						"0.25": [0, -1, -1],
						"0.5": [0, 0, 0.5],
						"0.75": [0, -1, -2]
					}
				}
			}
		},
		"biped.animation.live": {
			"loop": true,
			"animation_length": 2,
			"bones": {
				"left_arm": {
					"rotation": {
						"0.0": [0, 0, 0],
						"0.5": [0, 0, -2.5],
						"1.0": [0, 0, -5],
						"1.5": [0, 0, -2.5],
						"2.0": [0, 0, 0]
					},
					"position": [0, 0, 0]
				},
				"right_arm": {
					"rotation": {
						"0.0": [0, 0, 0],
						"0.5": [0, 0, 2.5],
						"1.0": [0, 0, 5],